metric,n,pearson_r,pearson_p,spearman_r,spearman_p
parse_tree_depth,44,-0.392276346303436,0.008447280795155648,-0.4139851393040893,0.005213193260895734
z_index,44,-0.35940342809068504,0.01657283485584385,-0.3238900634249471,0.03197028418938023
parse_tree_depth_max,44,-0.2724579458114395,0.07357068245509277,-0.29728876238570795,0.05002136000639566
mdd,44,-0.25777586217042925,0.0911523459875836,-0.2555320648343904,0.09410426714895233
inferential_load_proxy,44,-0.2550013114535227,0.0948132058323074,-0.2659240920410404,0.08103228612420829
subordination_index,44,-0.22453840748375173,0.14283193236283312,-0.16095932900477963,0.29659111654153236
flesch_reading_ease,44,0.2078019003657436,0.17588035712045938,0.2098661028893587,0.17153104910109448
rst_depth_proxy,44,-0.15176819435944672,0.325387635966632,-0.21181035924811822,0.16750592900977354
context_dependence_proxy,44,0.07199174994593399,0.642364720842139,0.1264323465123782,0.4134696309194259
